{
  "source_label": "1970_1979",
  "target_label": "1960_1969",
  "eligible_shared_words": 3137,
  "fit_anchor_words": 2637,
  "eval_words": 500,
  "normalize_for_op": true,
  "objective_space": {
    "frobenius_before_objective_space": 70.53011184023832,
    "frobenius_after_objective_space": 42.23957607968591,
    "frobenius_relative_reduction_objective_space": 0.4011128725364122,
    "rotation_orthogonality_error_fro": 6.055130730291044e-14,
    "rotation_determinant": 1.000000000000083
  },
  "fit_eval": {
    "n_words": 2637,
    "cosine_before": {
      "n": 2637,
      "mean": 0.05678864691002565,
      "median": 0.05650389924112535,
      "std": 0.06319153435599625,
      "min": -0.1570051970293192,
      "p01": -0.08473914982108958,
      "p05": -0.04894190182344293,
      "p25": 0.014860924607537516,
      "p75": 0.09973219684821351,
      "p95": 0.16043687724221267,
      "p99": 0.20274647244443766,
      "max": 0.2889454271083622
    },
    "cosine_after": {
      "n": 2637,
      "mean": 0.6617023535472933,
      "median": 0.6669006777011224,
      "std": 0.08283675997240711,
      "min": 0.27817060416602457,
      "p01": 0.4386421236564474,
      "p05": 0.515348952179497,
      "p25": 0.6133448935545913,
      "p75": 0.7169686795201438,
      "p95": 0.7878202159609905,
      "p99": 0.83171066299695,
      "max": 0.8862650189996376
    },
    "delta": {
      "n": 2637,
      "mean": 0.6049137066372677,
      "median": 0.6084287140046736,
      "std": 0.10106210965492017,
      "min": 0.17960691218961813,
      "p01": 0.3441189240676533,
      "p05": 0.43531298330116047,
      "p25": 0.5393452637289811,
      "p75": 0.6760830260934146,
      "p95": 0.7642090377940226,
      "p99": 0.8260097120611315,
      "max": 0.9574094792413793
    },
    "fraction_improved": 1.0,
    "fraction_worsened": 0.0,
    "fraction_unchanged": 0.0,
    "mean_gain": 0.6049137066372677,
    "median_gain": 0.6084287140046736
  },
  "heldout_eval": {
    "n_words": 500,
    "cosine_before": {
      "n": 500,
      "mean": 0.05676009428723242,
      "median": 0.05758937541210477,
      "std": 0.06225481268165884,
      "min": -0.1826700921808826,
      "p01": -0.08927984355936112,
      "p05": -0.04593053578471595,
      "p25": 0.017404357344023173,
      "p75": 0.09997164525927416,
      "p95": 0.15491620350321667,
      "p99": 0.1943535434612854,
      "max": 0.23350872910343887
    },
    "cosine_after": {
      "n": 500,
      "mean": 0.5954861009078054,
      "median": 0.6016636814422877,
      "std": 0.08608131250155188,
      "min": 0.3147993506673676,
      "p01": 0.37162261956290393,
      "p05": 0.450149259930402,
      "p25": 0.5398043828824819,
      "p75": 0.6545073511154482,
      "p95": 0.731772566695351,
      "p99": 0.7758513126034874,
      "max": 0.832059212676298
    },
    "delta": {
      "n": 500,
      "mean": 0.5387260066205729,
      "median": 0.5435654396547382,
      "std": 0.09729072877823412,
      "min": 0.17999700307478161,
      "p01": 0.2971322336330402,
      "p05": 0.3785747128379044,
      "p25": 0.47399886963603627,
      "p75": 0.6067071926350804,
      "p95": 0.6973160897226464,
      "p99": 0.7533753153561322,
      "max": 0.8357784336499714
    },
    "fraction_improved": 1.0,
    "fraction_worsened": 0.0,
    "fraction_unchanged": 0.0,
    "mean_gain": 0.5387260066205729,
    "median_gain": 0.5435654396547382
  },
  "files": {
    "fit_words_csv": "results/phase1/alignment/sgns/1960_1970_1980_1990_2000_2010_2020/pair_reports/1960_1969_to_1970_1979.fit_words.csv",
    "eval_words_csv": "results/phase1/alignment/sgns/1960_1970_1980_1990_2000_2010_2020/pair_reports/1960_1969_to_1970_1979.eval_words.csv",
    "fit_wordwise_cosines_csv": "results/phase1/alignment/sgns/1960_1970_1980_1990_2000_2010_2020/pair_reports/1960_1969_to_1970_1979.fit_wordwise_cosines.csv",
    "heldout_wordwise_cosines_csv": "results/phase1/alignment/sgns/1960_1970_1980_1990_2000_2010_2020/pair_reports/1960_1969_to_1970_1979.heldout_wordwise_cosines.csv",
    "fit_top_gains_csv": "results/phase1/alignment/sgns/1960_1970_1980_1990_2000_2010_2020/pair_reports/1960_1969_to_1970_1979.fit_top_gains.csv",
    "fit_worst_after_csv": "results/phase1/alignment/sgns/1960_1970_1980_1990_2000_2010_2020/pair_reports/1960_1969_to_1970_1979.fit_worst_after.csv",
    "heldout_top_gains_csv": "results/phase1/alignment/sgns/1960_1970_1980_1990_2000_2010_2020/pair_reports/1960_1969_to_1970_1979.heldout_top_gains.csv",
    "heldout_worst_after_csv": "results/phase1/alignment/sgns/1960_1970_1980_1990_2000_2010_2020/pair_reports/1960_1969_to_1970_1979.heldout_worst_after.csv",
    "target_self_cosines_json": "results/phase1/alignment/sgns/1960_1970_1980_1990_2000_2010_2020/pair_reports/1960_1969_to_1970_1979.target_self_cosines.json",
    "target_neighbors_json": "results/phase1/alignment/sgns/1960_1970_1980_1990_2000_2010_2020/pair_reports/1960_1969_to_1970_1979.target_neighbors.json"
  }
}