{
  "source_label": "1980_1989",
  "target_label": "1970_1979",
  "eligible_shared_words": 4523,
  "fit_anchor_words": 4023,
  "eval_words": 500,
  "normalize_for_op": true,
  "objective_space": {
    "frobenius_before_objective_space": 86.29639013594888,
    "frobenius_after_objective_space": 54.401819912112366,
    "frobenius_relative_reduction_objective_space": 0.36959333030722047,
    "rotation_orthogonality_error_fro": 6.425680652004903e-14,
    "rotation_determinant": -0.9999999999999414
  },
  "fit_eval": {
    "n_words": 4023,
    "cosine_before": {
      "n": 4023,
      "mean": 0.07443860918519792,
      "median": 0.072424431972062,
      "std": 0.06280126298901334,
      "min": -0.13629007776636143,
      "p01": -0.07337484391870357,
      "p05": -0.030273638071423227,
      "p25": 0.032775588834239845,
      "p75": 0.11489782770756424,
      "p95": 0.18027944490197645,
      "p99": 0.2226151023185548,
      "max": 0.35339357787276404
    },
    "cosine_after": {
      "n": 4023,
      "mean": 0.6321702697303125,
      "median": 0.6363457184374917,
      "std": 0.08616233143738426,
      "min": 0.2616660985661407,
      "p01": 0.4110087852264531,
      "p05": 0.48593998804160304,
      "p25": 0.5779747443457577,
      "p75": 0.6893258012085561,
      "p95": 0.7707435930819048,
      "p99": 0.8276915661437209,
      "max": 0.8699388803889687
    },
    "delta": {
      "n": 4023,
      "mean": 0.5577316605451147,
      "median": 0.5599143216238969,
      "std": 0.09833039029718943,
      "min": 0.1955068190893052,
      "p01": 0.32095441205819336,
      "p05": 0.39283102475768455,
      "p25": 0.49390625002012234,
      "p75": 0.623144637524927,
      "p95": 0.7159262932838827,
      "p99": 0.7862180107635584,
      "max": 0.8823420540265989
    },
    "fraction_improved": 1.0,
    "fraction_worsened": 0.0,
    "fraction_unchanged": 0.0,
    "mean_gain": 0.5577316605451147,
    "median_gain": 0.5599143216238969
  },
  "heldout_eval": {
    "n_words": 500,
    "cosine_before": {
      "n": 500,
      "mean": 0.07240433439129038,
      "median": 0.07259645816678878,
      "std": 0.0665928621220654,
      "min": -0.1440416118103362,
      "p01": -0.07611784637404095,
      "p05": -0.03753168139448533,
      "p25": 0.027921781855979228,
      "p75": 0.11559676338639098,
      "p95": 0.18565688564122146,
      "p99": 0.22982222651782752,
      "max": 0.2524087105777666
    },
    "cosine_after": {
      "n": 500,
      "mean": 0.5777134164768326,
      "median": 0.5803418174884915,
      "std": 0.09001494073491559,
      "min": 0.3108152683963089,
      "p01": 0.37988764723443563,
      "p05": 0.42144310371808125,
      "p25": 0.520749675242064,
      "p75": 0.6365305546041369,
      "p95": 0.7186424508969036,
      "p99": 0.7762625407479473,
      "max": 0.8289992983802174
    },
    "delta": {
      "n": 500,
      "mean": 0.5053090820855423,
      "median": 0.5121108023680792,
      "std": 0.09841872491786123,
      "min": 0.1836325535039884,
      "p01": 0.29693362386101047,
      "p05": 0.34186466490574685,
      "p25": 0.43567622519751287,
      "p75": 0.5703247705626208,
      "p95": 0.6575668046603323,
      "p99": 0.7334179300408535,
      "max": 0.7859608166870882
    },
    "fraction_improved": 1.0,
    "fraction_worsened": 0.0,
    "fraction_unchanged": 0.0,
    "mean_gain": 0.5053090820855423,
    "median_gain": 0.5121108023680792
  },
  "files": {
    "fit_words_csv": "results/phase1/alignment/sgns/1960_1970_1980_1990_2000_2010_2020/pair_reports/1970_1979_to_1980_1989.fit_words.csv",
    "eval_words_csv": "results/phase1/alignment/sgns/1960_1970_1980_1990_2000_2010_2020/pair_reports/1970_1979_to_1980_1989.eval_words.csv",
    "fit_wordwise_cosines_csv": "results/phase1/alignment/sgns/1960_1970_1980_1990_2000_2010_2020/pair_reports/1970_1979_to_1980_1989.fit_wordwise_cosines.csv",
    "heldout_wordwise_cosines_csv": "results/phase1/alignment/sgns/1960_1970_1980_1990_2000_2010_2020/pair_reports/1970_1979_to_1980_1989.heldout_wordwise_cosines.csv",
    "fit_top_gains_csv": "results/phase1/alignment/sgns/1960_1970_1980_1990_2000_2010_2020/pair_reports/1970_1979_to_1980_1989.fit_top_gains.csv",
    "fit_worst_after_csv": "results/phase1/alignment/sgns/1960_1970_1980_1990_2000_2010_2020/pair_reports/1970_1979_to_1980_1989.fit_worst_after.csv",
    "heldout_top_gains_csv": "results/phase1/alignment/sgns/1960_1970_1980_1990_2000_2010_2020/pair_reports/1970_1979_to_1980_1989.heldout_top_gains.csv",
    "heldout_worst_after_csv": "results/phase1/alignment/sgns/1960_1970_1980_1990_2000_2010_2020/pair_reports/1970_1979_to_1980_1989.heldout_worst_after.csv",
    "target_self_cosines_json": "results/phase1/alignment/sgns/1960_1970_1980_1990_2000_2010_2020/pair_reports/1970_1979_to_1980_1989.target_self_cosines.json",
    "target_neighbors_json": "results/phase1/alignment/sgns/1960_1970_1980_1990_2000_2010_2020/pair_reports/1970_1979_to_1980_1989.target_neighbors.json"
  }
}