{
  "source_label": "1990_1999",
  "target_label": "1980_1989",
  "eligible_shared_words": 6678,
  "fit_anchor_words": 6010,
  "eval_words": 668,
  "normalize_for_op": true,
  "objective_space": {
    "frobenius_before_objective_space": 105.60378499351572,
    "frobenius_after_objective_space": 69.17743535656518,
    "frobenius_relative_reduction_objective_space": 0.34493412938927503,
    "rotation_orthogonality_error_fro": 6.536090848968057e-14,
    "rotation_determinant": 0.9999999999999272
  },
  "fit_eval": {
    "n_words": 6010,
    "cosine_before": {
      "n": 6010,
      "mean": 0.07219971672573235,
      "median": 0.07216884052684455,
      "std": 0.05914257704869332,
      "min": -0.15770498047760065,
      "p01": -0.06396982560332515,
      "p05": -0.02456440226289346,
      "p25": 0.031895114794681406,
      "p75": 0.11179083060742367,
      "p95": 0.16818856487421677,
      "p99": 0.21062028701376634,
      "max": 0.306555178217409
    },
    "cosine_after": {
      "n": 6010,
      "mean": 0.6018704190922001,
      "median": 0.6018394185994409,
      "std": 0.09437829459564892,
      "min": 0.23128563895552168,
      "p01": 0.3846792873206328,
      "p05": 0.44846640864849185,
      "p25": 0.539877513041901,
      "p75": 0.6608825235069612,
      "p95": 0.7666918442990749,
      "p99": 0.8402040326757985,
      "max": 0.9023054419496963
    },
    "delta": {
      "n": 6010,
      "mean": 0.5296707023664677,
      "median": 0.5289923642630895,
      "std": 0.10626808683359862,
      "min": 0.08601520941183466,
      "p01": 0.28007675678777466,
      "p05": 0.3537137876578156,
      "p25": 0.4587140373079833,
      "p75": 0.599880540318747,
      "p95": 0.7075313982394247,
      "p99": 0.7751400975668951,
      "max": 0.8799050310626426
    },
    "fraction_improved": 1.0,
    "fraction_worsened": 0.0,
    "fraction_unchanged": 0.0,
    "mean_gain": 0.5296707023664677,
    "median_gain": 0.5289923642630895
  },
  "heldout_eval": {
    "n_words": 668,
    "cosine_before": {
      "n": 668,
      "mean": 0.07182102084236353,
      "median": 0.06936116055583211,
      "std": 0.05738750985441212,
      "min": -0.09429144376576162,
      "p01": -0.061782760123195446,
      "p05": -0.01694954165546124,
      "p25": 0.03231644289860359,
      "p75": 0.1102206591460376,
      "p95": 0.17185722440317394,
      "p99": 0.20354292009668376,
      "max": 0.22406178024581433
    },
    "cosine_after": {
      "n": 668,
      "mean": 0.5586803056231867,
      "median": 0.5594497554307583,
      "std": 0.09348253088807121,
      "min": 0.30551374839067086,
      "p01": 0.34888765707859953,
      "p05": 0.4172945486306194,
      "p25": 0.4925275767591264,
      "p75": 0.6161731490420688,
      "p95": 0.7193879236421793,
      "p99": 0.7961539689698545,
      "max": 0.8558853995128473
    },
    "delta": {
      "n": 668,
      "mean": 0.48685928478082324,
      "median": 0.4881794530982847,
      "std": 0.10276781616156833,
      "min": 0.13013869731274066,
      "p01": 0.25651565458127784,
      "p05": 0.317392530105317,
      "p25": 0.4178302519346161,
      "p75": 0.5560001140529218,
      "p95": 0.6579511109795347,
      "p99": 0.7292668992016446,
      "max": 0.7750449662430166
    },
    "fraction_improved": 1.0,
    "fraction_worsened": 0.0,
    "fraction_unchanged": 0.0,
    "mean_gain": 0.48685928478082324,
    "median_gain": 0.4881794530982847
  },
  "files": {
    "fit_words_csv": "results/phase1/alignment/sgns/1960_1970_1980_1990_2000_2010_2020/pair_reports/1980_1989_to_1990_1999.fit_words.csv",
    "eval_words_csv": "results/phase1/alignment/sgns/1960_1970_1980_1990_2000_2010_2020/pair_reports/1980_1989_to_1990_1999.eval_words.csv",
    "fit_wordwise_cosines_csv": "results/phase1/alignment/sgns/1960_1970_1980_1990_2000_2010_2020/pair_reports/1980_1989_to_1990_1999.fit_wordwise_cosines.csv",
    "heldout_wordwise_cosines_csv": "results/phase1/alignment/sgns/1960_1970_1980_1990_2000_2010_2020/pair_reports/1980_1989_to_1990_1999.heldout_wordwise_cosines.csv",
    "fit_top_gains_csv": "results/phase1/alignment/sgns/1960_1970_1980_1990_2000_2010_2020/pair_reports/1980_1989_to_1990_1999.fit_top_gains.csv",
    "fit_worst_after_csv": "results/phase1/alignment/sgns/1960_1970_1980_1990_2000_2010_2020/pair_reports/1980_1989_to_1990_1999.fit_worst_after.csv",
    "heldout_top_gains_csv": "results/phase1/alignment/sgns/1960_1970_1980_1990_2000_2010_2020/pair_reports/1980_1989_to_1990_1999.heldout_top_gains.csv",
    "heldout_worst_after_csv": "results/phase1/alignment/sgns/1960_1970_1980_1990_2000_2010_2020/pair_reports/1980_1989_to_1990_1999.heldout_worst_after.csv",
    "target_self_cosines_json": "results/phase1/alignment/sgns/1960_1970_1980_1990_2000_2010_2020/pair_reports/1980_1989_to_1990_1999.target_self_cosines.json",
    "target_neighbors_json": "results/phase1/alignment/sgns/1960_1970_1980_1990_2000_2010_2020/pair_reports/1980_1989_to_1990_1999.target_neighbors.json"
  }
}