{
  "source_label": "2000_2009",
  "target_label": "1990_1999",
  "eligible_shared_words": 12898,
  "fit_anchor_words": 11608,
  "eval_words": 1290,
  "normalize_for_op": true,
  "objective_space": {
    "frobenius_before_objective_space": 147.47123835511613,
    "frobenius_after_objective_space": 96.06428598973766,
    "frobenius_relative_reduction_objective_space": 0.3485896839191697,
    "rotation_orthogonality_error_fro": 6.426495926915185e-14,
    "rotation_determinant": -1.0000000000000557
  },
  "fit_eval": {
    "n_words": 11608,
    "cosine_before": {
      "n": 11608,
      "mean": 0.06324232675777576,
      "median": 0.06340610022992071,
      "std": 0.06056233248767127,
      "min": -0.17587812878291434,
      "p01": -0.07985274888562678,
      "p05": -0.036554904304254544,
      "p25": 0.022602416642665442,
      "p75": 0.10359499895160697,
      "p95": 0.1626295620329981,
      "p99": 0.20484886788383072,
      "max": 0.3084699768670071
    },
    "cosine_after": {
      "n": 11608,
      "mean": 0.6025005581186206,
      "median": 0.5967404028972345,
      "std": 0.09765556560536032,
      "min": 0.1472137442461585,
      "p01": 0.38559255535464587,
      "p05": 0.4507432131019159,
      "p25": 0.5389929231761956,
      "p75": 0.6568089032819306,
      "p95": 0.7848323854947719,
      "p99": 0.8678476174497184,
      "max": 0.931864745368379
    },
    "delta": {
      "n": 11608,
      "mean": 0.5392582313608448,
      "median": 0.5361459892548608,
      "std": 0.1057638594195326,
      "min": 0.11868033426306773,
      "p01": 0.30110812527330055,
      "p05": 0.37077740243046176,
      "p25": 0.4686301967862012,
      "p75": 0.6064552658841149,
      "p95": 0.7222391411162956,
      "p99": 0.7947540627286522,
      "max": 0.9273590383961116
    },
    "fraction_improved": 1.0,
    "fraction_worsened": 0.0,
    "fraction_unchanged": 0.0,
    "mean_gain": 0.5392582313608448,
    "median_gain": 0.5361459892548608
  },
  "heldout_eval": {
    "n_words": 1290,
    "cosine_before": {
      "n": 1290,
      "mean": 0.06305222290063928,
      "median": 0.06535171441085565,
      "std": 0.05951653951554341,
      "min": -0.12590638661301604,
      "p01": -0.0717681413436313,
      "p05": -0.03751363765003994,
      "p25": 0.022853399463810115,
      "p75": 0.10267595029108309,
      "p95": 0.15925570875752743,
      "p99": 0.1970145286893041,
      "max": 0.2603871292890506
    },
    "cosine_after": {
      "n": 1290,
      "mean": 0.5788327480551094,
      "median": 0.5730990805879782,
      "std": 0.10177424462093167,
      "min": 0.24080175849830365,
      "p01": 0.3518745165079157,
      "p05": 0.4277522525041942,
      "p25": 0.5118441188408569,
      "p75": 0.6339376889505198,
      "p95": 0.7632047488008976,
      "p99": 0.8554945612867308,
      "max": 0.9051121564243468
    },
    "delta": {
      "n": 1290,
      "mean": 0.5157805251544701,
      "median": 0.5101069634283223,
      "std": 0.11115871171077442,
      "min": 0.0951073322933822,
      "p01": 0.24590725416280196,
      "p05": 0.3395747463606737,
      "p25": 0.4442886274072253,
      "p75": 0.5880993160210035,
      "p95": 0.7042724197066215,
      "p99": 0.7889032101062188,
      "max": 0.8717603702738401
    },
    "fraction_improved": 1.0,
    "fraction_worsened": 0.0,
    "fraction_unchanged": 0.0,
    "mean_gain": 0.5157805251544701,
    "median_gain": 0.5101069634283223
  },
  "files": {
    "fit_words_csv": "results/phase1/alignment/sgns/1960_1970_1980_1990_2000_2010_2020/pair_reports/1990_1999_to_2000_2009.fit_words.csv",
    "eval_words_csv": "results/phase1/alignment/sgns/1960_1970_1980_1990_2000_2010_2020/pair_reports/1990_1999_to_2000_2009.eval_words.csv",
    "fit_wordwise_cosines_csv": "results/phase1/alignment/sgns/1960_1970_1980_1990_2000_2010_2020/pair_reports/1990_1999_to_2000_2009.fit_wordwise_cosines.csv",
    "heldout_wordwise_cosines_csv": "results/phase1/alignment/sgns/1960_1970_1980_1990_2000_2010_2020/pair_reports/1990_1999_to_2000_2009.heldout_wordwise_cosines.csv",
    "fit_top_gains_csv": "results/phase1/alignment/sgns/1960_1970_1980_1990_2000_2010_2020/pair_reports/1990_1999_to_2000_2009.fit_top_gains.csv",
    "fit_worst_after_csv": "results/phase1/alignment/sgns/1960_1970_1980_1990_2000_2010_2020/pair_reports/1990_1999_to_2000_2009.fit_worst_after.csv",
    "heldout_top_gains_csv": "results/phase1/alignment/sgns/1960_1970_1980_1990_2000_2010_2020/pair_reports/1990_1999_to_2000_2009.heldout_top_gains.csv",
    "heldout_worst_after_csv": "results/phase1/alignment/sgns/1960_1970_1980_1990_2000_2010_2020/pair_reports/1990_1999_to_2000_2009.heldout_worst_after.csv",
    "target_self_cosines_json": "results/phase1/alignment/sgns/1960_1970_1980_1990_2000_2010_2020/pair_reports/1990_1999_to_2000_2009.target_self_cosines.json",
    "target_neighbors_json": "results/phase1/alignment/sgns/1960_1970_1980_1990_2000_2010_2020/pair_reports/1990_1999_to_2000_2009.target_neighbors.json"
  }
}