{
  "source_label": "2010_2019",
  "target_label": "2000_2009",
  "eligible_shared_words": 19726,
  "fit_anchor_words": 17753,
  "eval_words": 1973,
  "normalize_for_op": true,
  "objective_space": {
    "frobenius_before_objective_space": 184.88730527895697,
    "frobenius_after_objective_space": 116.6689972696327,
    "frobenius_relative_reduction_objective_space": 0.3689723743141632,
    "rotation_orthogonality_error_fro": 6.704980069359473e-14,
    "rotation_determinant": 0.9999999999999085
  },
  "fit_eval": {
    "n_words": 17753,
    "cosine_before": {
      "n": 17753,
      "mean": 0.03725241780785677,
      "median": 0.037458228929922704,
      "std": 0.05753098862960577,
      "min": -0.20610556665992824,
      "p01": -0.09624029578818896,
      "p05": -0.05704601826140852,
      "p25": -0.001687529449426864,
      "p75": 0.07585455373753482,
      "p95": 0.13161105806849652,
      "p99": 0.1716224940641871,
      "max": 0.2686969131151121
    },
    "cosine_after": {
      "n": 17753,
      "mean": 0.6166378943304919,
      "median": 0.6090986236690245,
      "std": 0.10854418823151724,
      "min": 0.10727195931479012,
      "p01": 0.36799310476911123,
      "p05": 0.4472952041567294,
      "p25": 0.5466283186472349,
      "p75": 0.6795303413424215,
      "p95": 0.8177669279267535,
      "p99": 0.8790100998167495,
      "max": 0.938500147308296
    },
    "delta": {
      "n": 17753,
      "mean": 0.5793854765226351,
      "median": 0.5728935183619539,
      "std": 0.11864749983563126,
      "min": 0.0025316147834525404,
      "p01": 0.3081112460055319,
      "p05": 0.39216395771363505,
      "p25": 0.49910649314547384,
      "p75": 0.6547604483915456,
      "p95": 0.7877032729271589,
      "p99": 0.8606755008054906,
      "max": 0.9684519157843927
    },
    "fraction_improved": 1.0,
    "fraction_worsened": 0.0,
    "fraction_unchanged": 0.0,
    "mean_gain": 0.5793854765226351,
    "median_gain": 0.5728935183619539
  },
  "heldout_eval": {
    "n_words": 1973,
    "cosine_before": {
      "n": 1973,
      "mean": 0.035804028475951655,
      "median": 0.035709122977793266,
      "std": 0.057369119954211664,
      "min": -0.15256903011637818,
      "p01": -0.09718860518135901,
      "p05": -0.05824574220890448,
      "p25": -0.002861891430712936,
      "p75": 0.07514191648637052,
      "p95": 0.12780250870883708,
      "p99": 0.16822593962898993,
      "max": 0.2162157884833628
    },
    "cosine_after": {
      "n": 1973,
      "mean": 0.603670689630216,
      "median": 0.5952933035542878,
      "std": 0.11115587542803737,
      "min": 0.11560794315623174,
      "p01": 0.3499908203617929,
      "p05": 0.4265547237267384,
      "p25": 0.5330226580980703,
      "p75": 0.6677805608693921,
      "p95": 0.8055491599371487,
      "p99": 0.8711785408246521,
      "max": 0.9316681687023308
    },
    "delta": {
      "n": 1973,
      "mean": 0.5678666611542642,
      "median": 0.5625682855971259,
      "std": 0.11851224077142027,
      "min": 0.1074048110468947,
      "p01": 0.3038294830314794,
      "p05": 0.3778668009708688,
      "p25": 0.4891670264479859,
      "p75": 0.6465010388660455,
      "p95": 0.7748120201750077,
      "p99": 0.848077558274547,
      "max": 0.9731128955821242
    },
    "fraction_improved": 1.0,
    "fraction_worsened": 0.0,
    "fraction_unchanged": 0.0,
    "mean_gain": 0.5678666611542642,
    "median_gain": 0.5625682855971259
  },
  "files": {
    "fit_words_csv": "results/phase1/alignment/sgns/1960_1970_1980_1990_2000_2010_2020/pair_reports/2000_2009_to_2010_2019.fit_words.csv",
    "eval_words_csv": "results/phase1/alignment/sgns/1960_1970_1980_1990_2000_2010_2020/pair_reports/2000_2009_to_2010_2019.eval_words.csv",
    "fit_wordwise_cosines_csv": "results/phase1/alignment/sgns/1960_1970_1980_1990_2000_2010_2020/pair_reports/2000_2009_to_2010_2019.fit_wordwise_cosines.csv",
    "heldout_wordwise_cosines_csv": "results/phase1/alignment/sgns/1960_1970_1980_1990_2000_2010_2020/pair_reports/2000_2009_to_2010_2019.heldout_wordwise_cosines.csv",
    "fit_top_gains_csv": "results/phase1/alignment/sgns/1960_1970_1980_1990_2000_2010_2020/pair_reports/2000_2009_to_2010_2019.fit_top_gains.csv",
    "fit_worst_after_csv": "results/phase1/alignment/sgns/1960_1970_1980_1990_2000_2010_2020/pair_reports/2000_2009_to_2010_2019.fit_worst_after.csv",
    "heldout_top_gains_csv": "results/phase1/alignment/sgns/1960_1970_1980_1990_2000_2010_2020/pair_reports/2000_2009_to_2010_2019.heldout_top_gains.csv",
    "heldout_worst_after_csv": "results/phase1/alignment/sgns/1960_1970_1980_1990_2000_2010_2020/pair_reports/2000_2009_to_2010_2019.heldout_worst_after.csv",
    "target_self_cosines_json": "results/phase1/alignment/sgns/1960_1970_1980_1990_2000_2010_2020/pair_reports/2000_2009_to_2010_2019.target_self_cosines.json",
    "target_neighbors_json": "results/phase1/alignment/sgns/1960_1970_1980_1990_2000_2010_2020/pair_reports/2000_2009_to_2010_2019.target_neighbors.json"
  }
}